ลำดับ,รหัสมาตรฐาน (ISO ID),คุณลักษณะคุณภาพ (ISO Characteristic),คุณลักษณะย่อย (Sub-Characteristic),ชื่อรายการทดสอบ (Test Title),วัตถุประสงค์ (Objective),ข้อมูลนำเข้า / เงื่อนไข (Inputs),ผลลัพธ์ที่คาดหวัง (Expected Result),ผลการทดสอบจริง (Actual Result / Details),เวลาที่ใช้ (Latency ms),สถานะ (Status)
1,ISO-FS-01,Functional Suitability,Functional Completeness,ความครบถ้วนของฟังก์ชันหลักในระบบ (Core Functions Completeness),"ทวนสอบว่าระบบมีฟังก์ชันครอบคลุม Use Cases หลัก: สมัครสมาชิก, ลงประกาศงาน, ค้นหางาน, และยื่นใบสมัครครบถ้วน","ตรวจสอบ API Endpoints: /api/auth, /api/jobs, /api/applications, /api/skills, /api/ai/match",ทุก Endpoint หลักพร้อมใช้งานและตอบสนองตามข้อกำหนดระบบ,"Complete APIs available: Health, Jobs (42 loaded), Users, Apps",44,PASSED
2,ISO-FS-02,Functional Suitability,Functional Correctness,ความถูกต้องแม่นยำในการคำนวณและประมวลผล (Calculation Correctness),ทวนสอบว่าการคำนวณ Match Rate % และการจับคู่ทักษะให้ผลลัพธ์ที่ถูกต้องและสมเหตุสมผล,"Job: IT Developer (React, SQL) vs Applicant: CS Grad (React, SQL)",Match Rate >= 85% และระบุตรงสายงาน isMajorMatched = true,"Correct calculation: MatchRate=90%, isMajorMatched=true",1,PASSED
3,ISO-FS-03,Functional Suitability,Functional Appropriateness,ความเหมาะสมของระบบคัดกรองงานตามบริบทจริง (Filtering Appropriateness),ทวนสอบว่าระบบค้นหาและคัดกรองงานตามหมวดหมู่และสถานที่ (77 จังหวัด + WFH) ตรงตามการใช้งานจริง,คัดกรองงานในกรุงเทพฯ และหมวดหมู่งาน IT,"กรองงานได้แม่นยำ รองรับทั้งคำว่า ""กรุงเทพมหานคร"", ""กทม"", ""กรุงเทพฯ"" และ ""BTS/MRT""",Appropriate location matching: found 36 Bangkok positions,11,PASSED
4,ISO-PE-01,Performance Efficiency,Time Behaviour (Latency),เวลาตอบสนองของเซิร์ฟเวอร์ REST API (API Response Time Benchmark),ทดสอบความเร็วในการตอบสนองของ API เฉลี่ยต้องไม่เกิน 100ms ภายใต้สภาวะปกติ,ยิง GET /api/health และ GET /api/jobs ติดต่อกัน 5 ครั้งและวัดค่าเฉลี่ย Latency,เวลาตอบสนองเฉลี่ย (Average Latency) < 100ms,High Performance: Avg Response Time = 6.8ms (< 100ms standard),37,PASSED
5,ISO-PE-02,Performance Efficiency,Capacity & Concurrency,ความสามารถในการรองรับการเรียกใช้งานพร้อมกัน (Concurrent Throughput),ทดสอบการส่ง Request พร้อมกัน 15 คำขอพร้อมกัน (Parallel Requests) ว่าระบบประมวลผลได้โดยไม่มีข้อผิดพลาด,ยิง 15 Parallel Requests ไปยังเซิร์ฟเวอร์,ทั้ง 15 คำขอต้องสำเร็จ (HTTP 200) ทั้งหมด 100%,15/15 Concurrent Requests completed successfully (Max latency: 21ms),26,PASSED
6,ISO-PE-03,Performance Efficiency,Resource Utilization,ขนาดไฟล์แอปพลิเคชันและการใช้พื้นที่ (Bundle Size Optimization),ทวนสอบว่า Production Bundle มีการบีบอัดขนาดเล็ก (Gzip < 200kB) เพื่อให้โหลดหน้าเว็บได้รวดเร็วบนมือถือ,ตรวจสอบไฟล์ dist/assets/*.js และ dist/assets/*.css,ขนาดไฟล์ Production JS Bundle รวมไม่เกิน 500kB (Uncompressed) และ < 150kB (Gzipped),Optimized Resource: Client bundle size = 454.7 KB,1,PASSED
7,ISO-COM-01,Compatibility,Interoperability (JSON Standard),มาตรฐานการแลกเปลี่ยนข้อมูลระหว่างระบบ (RESTful JSON Standard),ทวนสอบว่าทุก API ตอบกลับด้วย Content-Type application/json และโครงสร้างข้อมูลตามมาตรฐานสากล,"GET /api/jobs, POST /api/ai/match",Header คืนค่า application/json และข้อมูลเป็น valid JSON Object/Array,Interoperable JSON protocol verified across client and server,2,PASSED
8,ISO-COM-02,Compatibility,Co-existence & DB Integration,การทำงานร่วมกันกับฐานข้อมูลและบริการภายนอก (SQLite & Gemini Service),ทวนสอบความเข้ากันได้ของระบบจัดเก็บ SQLite DatabaseSync ใน Node.js และการเชื่อมต่อไปยัง Google AI SDK,node:sqlite driver + @google/generative-ai library,ทำงานร่วมกันได้โดยไม่มี Module Conflict,Seamless SQLite Engine and Google GenAI SDK co-existence verified,2,PASSED
9,ISO-US-01,Usability,User Error Protection,การป้องกันและแจ้งเตือนข้อผิดพลาดของผู้ใช้ (User Error Protection),ทวนสอบว่าเมื่อผู้ใช้ป้อนข้อมูลผิดพลาดหรือเว้นช่องว่าง ระบบจะแจ้งเตือนด้วยภาษาที่เข้าใจง่าย,ส่งข้อมูลสมัครสมาชิกโดยเว้นว่างอีเมลและรหัสผ่าน,"HTTP 400 Bad Request พร้อมข้อความภาษาไทย ""กรุณากรอกชื่อ อีเมล และรหัสผ่าน""",User error protected with clear descriptive error message,3,PASSED
10,ISO-US-02,Usability,Operability & UX Feedback,การควบคุมและการตอบสนองต่อผู้ใช้งาน (Clear UX Feedback & Reset Filter),ทวนสอบว่าเมื่อเลือกตัวกรองแล้วไม่พบงาน ระบบแสดงสถานะชัดเจนและมีปุ่มล้างตัวกรองคืนค่าใน 1 คลิก,เลือกจังหวัดที่ไม่มีงาน -> หน้าจอแสดงกล่องแนะนำและปุ่มล้างค่า,มีปุ่มล้างตัวกรอง (Reset Filter) ที่รีเซ็ตค่า selectedProvince และ searchTerm ทันที,Smart UI recovery with 1-click filter reset available in HomePage,0,PASSED
11,ISO-US-03,Usability,Accessibility & i18n,การรองรับหลายภาษาและการเข้าถึง (Internationalization & Accessibility),ทวนสอบว่าระบบรองรับภาษาไทยและภาษาอังกฤษ (TH / EN) อย่างสมบูรณ์ในทุกหน้า,translations.th และ translations.en ใน src/utils/i18n.js,พจนานุกรมแปลภาษามีคำศัพท์ตรงกันครบทุกคีย์ทั้ง TH และ EN,Dual-language support verified: 95 dictionary keys,0,PASSED
12,ISO-REL-01,Reliability,Fault Tolerance & Fallback,ความทนทานต่อความล้มเหลวด้วยระบบ AI Fallback (Fault Tolerance),ทวนสอบว่าเมื่อ Gemini API ภายนอกไม่พร้อมใช้งาน ระบบจะไม่พัง และสามารถ Fallback มาใช้ Embedded AI ได้,POST /api/ai/match โดยไม่ใส่ GEMINI_API_KEY,HTTP 200 คืนค่าการวิเคราะห์จาก Embedded AI โดยไม่มี Uncaught Exception,High Fault Tolerance: Seamless Fallback AI returned matchRate=88%,10925,PASSED
13,ISO-REL-02,Reliability,Data Integrity & Constraints,ความถูกต้องของความสัมพันธ์ในฐานข้อมูล (Foreign Key Constraint Enforcement),ทวนสอบว่า SQLite ไม่อนุญาตให้สร้างใบสมัครหรือทักษะที่ผูกกับ userId ที่ไม่มีจริง,POST /api/applications กับ userId ที่ไม่มีในตาราง users,SQLite ปฏิเสธการบันทึกด้วยข้อผิดพลาด FOREIGN KEY constraint failed,Relational integrity strictly enforced by SQLite Engine,6,PASSED
14,ISO-REL-03,Reliability,Recoverability & Null-Safety,ความทนทานต่อข้อมูลว่างและ Null-Safety (Defensive Programming),ทวนสอบว่าเมื่อตำแหน่งงานมี location: null หรือฟิลด์ว่าง ระบบ Frontend และ Backend ไม่เกิด Crash,ดึงงานที่มี location: null และทดสอบฟังก์ชันฟิลเตอร์,ฟังก์ชัน filter ไม่โยน TypeError: Cannot read properties of null,Null safety verified across 42 live database records,6,PASSED
15,ISO-SEC-01,Security,Confidentiality (Data Protection),การรักษาความลับและการปกป้องรหัสผ่าน (Password Confidentiality),ทวนสอบว่าไม่มีการรั่วไหลของรหัสผ่านใน Response ของ API สาธารณะตามหลัก PDPA,"GET /api/jobs, GET /api/users, GET /api/users/:id/portfolio",ทุกรายการที่ส่งออกไม่มีฟิลด์ password ปรากฏอยู่,Confidentiality guaranteed: 0 password leaks across 207 user records,8,PASSED
16,ISO-SEC-02,Security,Integrity (SQL Injection Immunity),ความคงสภาพและป้องกันการโจมตีฐานข้อมูล (SQL Injection Defense),ทวนสอบว่าการสืบค้นใช้ Parameterized Queries 100% ป้องกันการทำลายข้อมูลหรือ Bypass สิทธิ์,"POST /api/auth/login ด้วย Payload: ""admin' OR '1'='1"" และรหัสผ่าน ""' OR 1=1 --""","HTTP 401 Unauthorized, ไม่สามารถหลุดเข้าสู่ระบบได้",SQL Injection injection payload successfully blocked (HTTP 401),2,PASSED
17,ISO-SEC-03,Security,Accountability & Access Control,การแยกสิทธิ์และบทบาทผู้ใช้งาน (Role-Based Access Control),"ทวนสอบการจำแนกสิทธิ์ระหว่าง Applicant (คนหางาน), Employer (นายจ้าง) และ Admin (ผู้ดูแล)",ตรวจสอบคุณสมบัติ role และ employerType ของบัญชีผู้ใช้ในระบบ,แยกสิทธิ์และแสดงเมนูตามบทบาทถูกต้อง ไม่ก้าวก่ายสิทธิ์กัน,"Role separation verified: applicant, employer, admin",7,PASSED
18,ISO-MAN-01,Maintainability,Modularity & Component Structure,ความเป็นโมดูลาร์และการแบ่งสัดส่วนโค้ด (Modularity & Separation of Concerns),"ทวนสอบโครงสร้างระบบที่มีการแยก Component, Data API, Utilities, และ Backend Server ชัดเจน","ตรวจสอบโครงสร้างไดเรกทอรี src/components, src/utils, src/data, server",แยกโมดูลอิสระมากกว่า 15 คอมโพเนนต์ สะดวกต่อการบำรุงรักษา,High Modularity: 17 isolated components in src/components,0,PASSED
19,ISO-MAN-02,Maintainability,Analysability & Code Quality,คุณภาพโค้ดและการวิเคราะห์โค้ด (Static Analysis 0 Errors),ทวนสอบว่าโค้ดทั้งหมดผ่านการตรวจสอบ Static Analysis ของ Oxlint โดยไม่มี Error และเป็นไปตามมาตรฐาน React 19,"ตรวจไฟล์ HelpCenterModal.jsx, HomePage.jsx และ matching.js",ไม่มีการละเมิด Rules of Hooks หรือเกิด Syntax Error,Clean Code: Zero React Hook violations and standard ECMAScript modules,1,PASSED
20,ISO-MAN-03,Maintainability,Testability & Automation,ความสามารถในการทดสอบอัตโนมัติ (Automated Testability),ทวนสอบว่าระบบมีชุดทดสอบอัตโนมัติสามารถรันซ้ำเพื่อทำ Regression Test ได้ตลอดวงจรชีวิตซอฟต์แวร์,รันชุดทดสอบ V&V แบบ Scriptable,มีชุดทดสอบครอบคลุมทุกโมดูล สามารถรันผ่าน Command Line ได้ทันที,Testability confirmed: Automated V&V test harnesses available on disk,0,PASSED
21,ISO-POR-01,Portability,Adaptability (Cross-Platform),ความสามารถในการปรับตัวเข้ากับสภาพแวดล้อม (Cross-Platform Execution),ทวนสอบว่าโค้ดใช้ Node.js Native Module และ Cross-Platform Path ไม่ขึ้นต่อระบบปฏิบัติการใดโดยเฉพาะ,"path.join, DatabaseSync จาก node:sqlite, Vite cross-platform bundler","สามารถรันได้ทั้งบน Windows, macOS และ Linux Container",Adaptable: Running on Node.js v24.19.0 with cross-platform native modules,0,PASSED
22,ISO-POR-02,Portability,Installability & Self-Contained DB,ความง่ายในการติดตั้งและย้ายระบบ (Zero-Config Portable Database),ทวนสอบว่าฐานข้อมูล SQLite ถูกจัดเก็บเป็นไฟล์เดี่ยว (database.sqlite) สามารถสำรองหรือย้ายเครื่องได้ทันที,server/database.sqlite,ไฟล์ฐานข้อมูล SQLite พร้อมตารางสมบูรณ์ ไม่จำเป็นต้องติดตั้ง Database Engine ภายนอก,Fully portable: Self-contained SQLite DB size = 708 KB,0,PASSED
